matricula,timestamp_acesso,tempo_duracao_min
MAT0001,2024-01-16 12:39:00,97
MAT0001,2024-02-06 09:45:00,115
MAT0001,2024-05-29 16:04:00,9
MAT0002,2024-04-13 18:28:00,29
MAT0002,2024-03-09 14:21:00,152
MAT0002,2024-03-20 22:12:00,89
MAT0002,2024-01-18 08:00:00,89
MAT0002,2024-01-25 18:36:00,7
MAT0003,2024-05-11 18:23:00,159
MAT0003,2024-02-19 22:28:00,150
MAT0003,2024-02-29 21:36:00,50
MAT0003,2024-02-22 16:31:00,86
MAT0003,2024-01-08 14:13:00,110
MAT0003,2024-02-03 09:55:00,161
MAT0003,2024-03-29 07:08:00,54
MAT0003,2024-05-18 22:52:00,34
MAT0004,2024-05-09 20:43:00,71
MAT0004,2024-01-01 07:22:00,14
MAT0004,2024-05-25 17:33:00,36
MAT0004,2024-05-30 16:07:00,159
MAT0004,2024-03-06 13:44:00,52
MAT0004,2024-01-30 15:32:00,13
MAT0004,2024-01-27 22:59:00,53
MAT0004,2024-03-18 21:21:00,88
MAT0005,2024-03-27 16:23:00,75
MAT0005,2024-02-09 22:33:00,36
MAT0005,2024-05-08 15:44:00,14
MAT0005,2024-04-04 20:12:00,21
MAT0005,2024-02-10 16:31:00,169
MAT0005,2024-03-08 14:45:00,37
MAT0005,2024-04-19 15:27:00,103
MAT0006,2024-05-30 18:54:00,172
MAT0006,2024-04-06 14:57:00,49
MAT0006,2024-05-16 12:34:00,126
MAT0006,2024-05-18 22:04:00,165
MAT0006,2024-01-10 13:17:00,145
MAT0007,2024-03-03 21:18:00,126
MAT0007,2024-02-10 14:05:00,96
MAT0007,2024-03-14 13:13:00,49
MAT0007,2024-02-17 11:40:00,134
MAT0007,2024-05-13 22:12:00,97
MAT0007,2024-02-05 15:57:00,150
MAT0008,2024-05-12 16:18:00,92
MAT0008,2024-04-01 16:48:00,145
MAT0008,2024-01-28 08:21:00,17
MAT0008,2024-04-18 12:32:00,116
MAT0008,2024-01-14 07:38:00,118
MAT0008,2024-03-12 21:40:00,64
MAT0008,2024-02-08 21:04:00,136
MAT0008,2024-05-20 15:55:00,8
MAT0009,2024-02-17 19:27:00,124
MAT0009,2024-05-27 18:59:00,27
MAT0009,2024-03-21 08:21:00,112
MAT0009,2024-04-26 09:43:00,179
MAT0009,2024-01-15 07:08:00,29
MAT0009,2024-03-22 08:30:00,156
MAT0009,2024-03-16 14:02:00,122
MAT0010,2024-04-20 16:49:00,141
MAT0010,2024-03-27 16:16:00,133
MAT0010,2024-04-12 08:11:00,65
MAT0010,2024-05-04 20:05:00,13
MAT0010,2024-04-04 07:50:00,39
MAT0011,2024-02-07 13:32:00,160
MAT0011,2024-01-25 12:35:00,54
MAT0011,2024-04-11 08:11:00,142
MAT0011,2024-05-11 17:50:00,46
MAT0011,2024-05-10 09:46:00,173
MAT0012,2024-03-29 08:06:00,140
MAT0012,2024-04-23 10:54:00,72
MAT0012,2024-02-14 08:44:00,31
MAT0012,2024-01-02 13:14:00,120
MAT0012,2024-02-10 14:38:00,74
MAT0012,2024-01-04 18:57:00,148
MAT0012,2024-03-18 18:37:00,24
MAT0012,2024-02-12 13:17:00,161
MAT0012,2024-03-07 17:42:00,131
MAT0013,2024-02-27 18:21:00,109
MAT0013,2024-01-06 20:21:00,137
MAT0013,2024-04-26 10:03:00,77
MAT0013,2024-02-13 12:10:00,106
MAT0013,2024-05-12 18:11:00,45
MAT0013,2024-02-03 17:46:00,160
MAT0014,2024-03-26 14:44:00,90
MAT0014,2024-05-18 08:56:00,51
MAT0014,2024-03-15 13:45:00,85
MAT0014,2024-05-07 22:56:00,78
MAT0014,2024-05-25 13:08:00,163
MAT0014,2024-02-03 12:24:00,141
MAT0014,2024-03-07 12:47:00,69
MAT0015,2024-04-20 07:04:00,102
MAT0015,2024-02-15 12:52:00,20
MAT0015,2024-05-26 16:32:00,7
MAT0015,2024-05-16 16:06:00,178
MAT0016,2024-02-18 13:56:00,165
MAT0016,2024-05-14 14:16:00,173
MAT0016,2024-04-30 19:25:00,37
MAT0017,2024-01-22 19:48:00,25
MAT0017,2024-04-13 19:49:00,50
MAT0017,2024-04-18 17:20:00,23
MAT0017,2024-03-16 11:29:00,155
MAT0017,2024-03-23 16:06:00,154
MAT0017,2024-05-15 21:55:00,145
MAT0017,2024-04-14 13:56:00,146
MAT0017,2024-03-26 07:24:00,118
MAT0017,2024-01-13 10:28:00,164
MAT0017,2024-04-14 08:56:00,67
MAT0018,2024-04-25 21:53:00,133
MAT0018,2024-03-02 18:27:00,118
MAT0018,2024-05-11 14:53:00,87
MAT0018,2024-05-02 07:03:00,91
MAT0018,2024-02-09 13:33:00,179
MAT0019,2024-03-15 16:14:00,116
MAT0019,2024-02-21 08:52:00,114
MAT0019,2024-03-23 20:43:00,60
MAT0020,2024-04-15 10:43:00,70
MAT0020,2024-02-06 11:14:00,146
MAT0020,2024-02-15 11:00:00,61
MAT0021,2024-02-11 07:13:00,11
MAT0021,2024-02-20 13:06:00,57
MAT0021,2024-02-15 13:50:00,128
MAT0021,2024-01-25 12:38:00,156
MAT0021,2024-01-30 21:36:00,159
MAT0021,2024-03-12 18:09:00,111
MAT0021,2024-03-26 16:38:00,123
MAT0021,2024-03-04 19:53:00,7
MAT0022,2024-02-10 13:59:00,18
MAT0022,2024-04-24 21:43:00,99
MAT0022,2024-04-21 10:49:00,16
MAT0023,2024-04-02 20:33:00,176
MAT0023,2024-03-03 16:36:00,137
MAT0023,2024-05-18 15:46:00,159
MAT0024,2024-04-02 19:38:00,81
MAT0024,2024-03-11 16:14:00,175
MAT0024,2024-02-15 19:34:00,73
MAT0025,2024-05-08 13:38:00,170
MAT0025,2024-01-12 09:20:00,83
MAT0025,2024-05-17 08:29:00,68
MAT0025,2024-04-26 08:01:00,173
MAT0026,2024-05-27 21:27:00,9
MAT0026,2024-04-26 13:48:00,176
MAT0026,2024-03-13 07:07:00,49
MAT0026,2024-05-10 17:33:00,94
MAT0027,2024-04-12 22:46:00,113
MAT0027,2024-04-16 16:16:00,18
MAT0027,2024-03-12 11:51:00,32
MAT0028,2024-03-06 15:05:00,147
MAT0028,2024-05-25 10:38:00,154
MAT0028,2024-02-21 09:07:00,85
MAT0028,2024-03-21 16:24:00,18
MAT0029,2024-03-29 10:06:00,55
MAT0029,2024-02-23 21:52:00,56
MAT0029,2024-05-04 07:27:00,42
MAT0029,2024-04-05 18:09:00,136
MAT0029,2024-02-23 14:12:00,16
MAT0029,2024-03-30 20:41:00,91
MAT0030,2024-05-29 13:44:00,137
MAT0030,2024-05-25 12:49:00,70
MAT0030,2024-01-18 15:26:00,34
MAT0031,2024-01-06 14:55:00,73
MAT0031,2024-04-04 16:43:00,130
MAT0031,2024-02-05 09:33:00,125
MAT0031,2024-03-15 09:12:00,27
MAT0031,2024-04-14 10:21:00,55
MAT0032,2024-02-03 19:05:00,170
MAT0032,2024-04-04 16:13:00,11
MAT0032,2024-04-23 16:46:00,111
MAT0033,2024-04-04 21:49:00,24
MAT0033,2024-03-14 15:36:00,157
MAT0033,2024-01-23 20:58:00,176
MAT0033,2024-04-24 07:03:00,47
MAT0033,2024-02-03 16:42:00,146
MAT0033,2024-04-02 11:42:00,152
MAT0033,2024-01-11 18:52:00,100
MAT0034,2024-02-26 13:19:00,89
MAT0034,2024-02-17 15:26:00,22
MAT0034,2024-04-10 21:47:00,5
MAT0034,2024-04-12 20:06:00,68
MAT0034,2024-04-21 17:13:00,98
MAT0034,2024-04-22 08:02:00,87
MAT0034,2024-02-27 19:31:00,63
MAT0034,2024-04-06 11:43:00,40
MAT0034,2024-03-27 07:29:00,171
MAT0035,2024-04-03 17:21:00,140
MAT0035,2024-04-28 08:13:00,172
MAT0035,2024-02-04 20:04:00,166
MAT0036,2024-05-09 21:48:00,87
MAT0036,2024-03-12 08:47:00,178
MAT0036,2024-05-06 10:13:00,98
MAT0036,2024-05-21 18:02:00,29
MAT0036,2024-02-21 20:53:00,68
MAT0036,2024-05-24 10:08:00,144
MAT0036,2024-04-06 09:47:00,73
MAT0036,2024-04-17 11:03:00,42
MAT0036,2024-02-20 12:09:00,108
MAT0037,2024-01-10 13:54:00,52
MAT0037,2024-01-07 08:45:00,100
MAT0037,2024-02-22 18:41:00,151
MAT0037,2024-03-31 22:07:00,132
MAT0037,2024-05-26 12:51:00,19
MAT0037,2024-05-21 12:44:00,132
MAT0037,2024-05-30 09:13:00,59
MAT0038,2024-02-19 21:27:00,110
MAT0038,2024-05-13 11:46:00,100
MAT0038,2024-05-11 10:51:00,144
MAT0038,2024-02-29 07:08:00,72
MAT0038,2024-04-29 08:19:00,22
MAT0038,2024-01-13 21:51:00,17
MAT0038,2024-03-25 21:30:00,179
MAT0038,2024-04-30 08:12:00,164
MAT0039,2024-04-21 08:58:00,120
MAT0039,2024-02-15 18:33:00,19
MAT0039,2024-03-06 10:42:00,77
MAT0039,2024-01-28 20:08:00,141
MAT0039,2024-01-08 10:48:00,88
MAT0039,2024-03-26 09:13:00,157
MAT0039,2024-05-30 17:08:00,134
MAT0039,2024-02-17 20:43:00,5
MAT0040,2024-04-13 08:30:00,98
MAT0040,2024-03-13 16:18:00,125
MAT0040,2024-01-18 19:43:00,124
MAT0040,2024-05-13 22:28:00,68
MAT0040,2024-05-16 13:07:00,92
MAT0040,2024-04-19 16:08:00,30
MAT0040,2024-01-24 19:39:00,153
MAT0040,2024-02-05 11:08:00,178
MAT0040,2024-03-04 20:06:00,138
MAT0041,2024-05-18 22:39:00,113
MAT0041,2024-02-22 15:01:00,51
MAT0041,2024-05-17 09:23:00,102
MAT0041,2024-04-23 07:15:00,96
MAT0041,2024-02-24 13:36:00,57
MAT0041,2024-02-03 07:15:00,20
MAT0041,2024-02-28 12:07:00,53
MAT0041,2024-04-07 09:55:00,37
MAT0041,2024-03-01 16:10:00,98
MAT0041,2024-05-01 12:13:00,93
MAT0042,2024-01-25 12:41:00,169
MAT0042,2024-02-10 14:48:00,114
MAT0042,2024-05-16 20:32:00,25
MAT0042,2024-01-24 22:31:00,99
MAT0042,2024-03-07 15:36:00,79
MAT0042,2024-01-08 15:29:00,87
MAT0042,2024-01-30 09:49:00,127
MAT0042,2024-05-15 08:10:00,68
MAT0043,2024-05-21 11:45:00,108
MAT0043,2024-01-06 14:53:00,180
MAT0043,2024-05-15 22:12:00,51
MAT0043,2024-04-21 13:08:00,25
MAT0044,2024-01-17 15:57:00,139
MAT0044,2024-01-27 13:36:00,72
MAT0044,2024-04-21 10:47:00,145
MAT0044,2024-01-26 13:37:00,36
MAT0044,2024-05-30 07:42:00,39
MAT0044,2024-02-19 22:44:00,163
MAT0044,2024-01-12 08:31:00,20
MAT0044,2024-02-13 18:47:00,8
MAT0044,2024-03-04 16:04:00,85
MAT0045,2024-05-16 12:34:00,117
MAT0045,2024-05-05 18:36:00,87
MAT0045,2024-01-31 14:33:00,44
MAT0045,2024-02-22 11:12:00,36
MAT0045,2024-04-04 07:43:00,103
MAT0045,2024-04-04 22:31:00,12
MAT0045,2024-05-22 19:06:00,167
MAT0045,2024-04-17 07:49:00,143
MAT0045,2024-05-09 21:53:00,166
MAT0046,2024-03-15 15:35:00,100
MAT0046,2024-03-08 12:17:00,159
MAT0046,2024-05-01 18:07:00,108
MAT0047,2024-03-05 13:11:00,70
MAT0047,2024-01-31 22:33:00,81
MAT0047,2024-04-26 17:48:00,39
MAT0047,2024-03-07 18:04:00,157
MAT0047,2024-01-14 07:30:00,17
MAT0047,2024-03-27 08:57:00,64
MAT0047,2024-04-19 18:32:00,52
MAT0047,2024-05-25 17:18:00,31
MAT0047,2024-03-27 11:43:00,142
MAT0048,2024-03-10 14:00:00,113
MAT0048,2024-01-04 16:50:00,131
MAT0048,2024-03-31 11:55:00,90
MAT0048,2024-05-11 11:34:00,47
MAT0048,2024-02-04 08:27:00,137
MAT0048,2024-02-28 10:53:00,16
MAT0048,2024-04-11 13:07:00,42
MAT0048,2024-05-02 21:48:00,18
MAT0049,2024-02-18 11:54:00,65
MAT0049,2024-05-22 08:02:00,116
MAT0049,2024-05-16 20:41:00,34
MAT0050,2024-03-21 15:49:00,162
MAT0050,2024-03-22 20:46:00,33
MAT0050,2024-05-22 12:15:00,100
MAT0050,2024-05-10 17:12:00,165
MAT0051,2024-04-06 15:15:00,33
MAT0051,2024-05-27 13:12:00,177
MAT0051,2024-04-01 19:00:00,24
MAT0051,2024-01-13 09:53:00,121
MAT0051,2024-03-18 22:24:00,63
MAT0051,2024-05-11 19:32:00,105
MAT0051,2024-02-11 09:55:00,175
MAT0051,2024-02-10 10:06:00,95
MAT0051,2024-01-18 15:23:00,156
MAT0051,2024-03-20 12:42:00,43
MAT0052,2024-04-15 18:39:00,145
MAT0052,2024-05-11 11:58:00,13
MAT0052,2024-04-15 20:36:00,45
MAT0052,2024-05-26 21:23:00,105
MAT0053,2024-02-29 07:58:00,141
MAT0053,2024-01-13 16:44:00,101
MAT0053,2024-05-13 13:49:00,159
MAT0053,2024-01-20 21:51:00,98
MAT0053,2024-05-18 17:08:00,16
MAT0054,2024-03-09 21:53:00,72
MAT0054,2024-02-21 15:09:00,17
MAT0054,2024-01-30 11:48:00,61
MAT0054,2024-01-25 15:16:00,73
MAT0054,2024-04-12 20:38:00,127
MAT0054,2024-02-10 09:35:00,80
MAT0054,2024-04-03 21:13:00,24
MAT0054,2024-02-21 11:03:00,108
MAT0055,2024-04-30 12:55:00,148
MAT0055,2024-05-27 16:30:00,126
MAT0055,2024-01-22 14:27:00,56
MAT0055,2024-01-23 19:39:00,78
MAT0055,2024-02-19 10:01:00,171
MAT0055,2024-05-13 18:52:00,141
MAT0055,2024-05-04 08:59:00,59
MAT0055,2024-03-27 08:00:00,115
MAT0055,2024-02-10 08:08:00,116
MAT0055,2024-01-16 15:59:00,89
MAT0056,2024-03-30 21:07:00,111
MAT0056,2024-04-16 15:41:00,51
MAT0056,2024-03-26 11:35:00,164
MAT0056,2024-03-26 11:33:00,65
MAT0056,2024-03-02 13:06:00,157
MAT0056,2024-02-05 20:45:00,5
MAT0056,2024-02-03 22:36:00,167
MAT0057,2024-03-19 20:21:00,134
MAT0057,2024-04-17 09:20:00,140
MAT0057,2024-04-26 22:39:00,112
MAT0057,2024-02-02 08:52:00,161
MAT0058,2024-01-30 08:12:00,62
MAT0058,2024-01-08 15:37:00,34
MAT0058,2024-01-11 21:35:00,139
MAT0058,2024-02-20 20:45:00,59
MAT0058,2024-01-23 22:01:00,129
MAT0058,2024-02-28 19:54:00,109
MAT0058,2024-03-20 10:04:00,23
MAT0058,2024-01-17 10:49:00,89
MAT0059,2024-01-08 16:06:00,18
MAT0059,2024-01-04 12:49:00,87
MAT0059,2024-05-22 18:54:00,160
MAT0059,2024-04-02 22:37:00,121
MAT0059,2024-01-24 09:37:00,52
MAT0059,2024-01-29 18:32:00,28
MAT0059,2024-03-14 17:27:00,145
MAT0060,2024-02-04 12:47:00,108
MAT0060,2024-04-21 22:00:00,136
MAT0060,2024-02-14 09:34:00,77
MAT0061,2024-02-21 14:59:00,43
MAT0061,2024-01-14 11:00:00,72
MAT0061,2024-04-02 21:30:00,157
MAT0061,2024-03-10 10:55:00,154
MAT0061,2024-05-16 15:57:00,55
MAT0062,2024-03-07 22:32:00,15
MAT0062,2024-03-06 19:11:00,120
MAT0062,2024-03-10 07:47:00,9
MAT0062,2024-02-29 07:54:00,103
MAT0063,2024-02-24 08:29:00,37
MAT0063,2024-05-04 18:51:00,64
MAT0063,2024-04-11 17:30:00,33
MAT0063,2024-03-05 21:05:00,130
MAT0063,2024-03-13 18:15:00,78
MAT0063,2024-05-07 12:02:00,69
MAT0063,2024-02-17 07:52:00,5
MAT0063,2024-05-03 19:53:00,166
MAT0063,2024-01-17 22:34:00,41
MAT0064,2024-04-19 08:27:00,90
MAT0064,2024-05-02 22:03:00,138
MAT0064,2024-03-20 13:47:00,98
MAT0064,2024-04-23 13:21:00,12
MAT0064,2024-01-13 09:51:00,90
MAT0064,2024-04-12 07:57:00,24
MAT0064,2024-02-25 16:10:00,13
MAT0064,2024-04-18 17:36:00,176
MAT0064,2024-04-16 10:22:00,90
MAT0065,2024-02-04 20:06:00,33
MAT0065,2024-04-20 09:24:00,101
MAT0065,2024-01-17 08:42:00,45
MAT0065,2024-04-13 11:13:00,28
MAT0065,2024-01-03 21:56:00,57
MAT0065,2024-05-25 11:37:00,82
MAT0065,2024-01-11 14:19:00,165
MAT0065,2024-02-16 08:21:00,77
MAT0066,2024-05-08 09:04:00,65
MAT0066,2024-01-22 16:22:00,38
MAT0066,2024-02-05 20:58:00,17
MAT0066,2024-01-31 14:35:00,69
MAT0066,2024-04-06 11:56:00,135
MAT0066,2024-04-11 16:52:00,104
MAT0066,2024-02-08 13:31:00,151
MAT0066,2024-05-13 14:16:00,42
MAT0067,2024-03-18 15:35:00,108
MAT0067,2024-05-16 18:59:00,97
MAT0067,2024-04-07 11:50:00,15
MAT0067,2024-03-13 14:28:00,113
MAT0067,2024-03-23 18:04:00,139
MAT0067,2024-02-22 10:56:00,18
MAT0068,2024-01-13 08:20:00,81
MAT0068,2024-05-18 21:30:00,86
MAT0068,2024-02-15 18:13:00,167
MAT0068,2024-01-18 19:26:00,92
MAT0068,2024-05-10 10:40:00,51
MAT0068,2024-02-04 18:32:00,141
MAT0068,2024-05-23 13:14:00,21
MAT0069,2024-02-25 21:59:00,44
MAT0069,2024-02-13 14:42:00,145
MAT0069,2024-04-14 16:22:00,133
MAT0069,2024-01-26 08:25:00,158
MAT0070,2024-02-12 21:34:00,89
MAT0070,2024-01-12 14:37:00,5
MAT0070,2024-04-09 19:47:00,29
MAT0070,2024-03-12 15:13:00,52
MAT0070,2024-03-27 07:39:00,172
MAT0070,2024-03-20 12:10:00,169
MAT0070,2024-01-28 15:06:00,29
MAT0070,2024-01-09 18:11:00,180
MAT0070,2024-05-15 18:03:00,57
MAT0070,2024-05-20 15:58:00,52
MAT0071,2024-04-14 15:53:00,46
MAT0071,2024-04-05 13:40:00,56
MAT0071,2024-01-08 22:28:00,41
MAT0071,2024-04-30 19:26:00,28
MAT0071,2024-02-06 08:28:00,7
MAT0071,2024-05-03 11:40:00,5
MAT0072,2024-05-21 22:00:00,168
MAT0072,2024-05-01 19:18:00,23
MAT0072,2024-05-21 14:33:00,56
MAT0072,2024-04-10 12:46:00,172
MAT0073,2024-01-20 11:33:00,32
MAT0073,2024-04-02 17:42:00,108
MAT0073,2024-04-06 13:36:00,114
MAT0073,2024-02-17 19:28:00,17
MAT0073,2024-03-22 22:40:00,13
MAT0073,2024-01-16 19:31:00,72
MAT0073,2024-03-01 21:38:00,121
MAT0073,2024-01-27 19:43:00,144
MAT0074,2024-03-24 10:37:00,134
MAT0074,2024-03-07 11:17:00,131
MAT0074,2024-05-18 16:35:00,5
MAT0074,2024-03-17 11:23:00,39
MAT0074,2024-03-23 13:02:00,7
MAT0074,2024-04-19 19:46:00,23
MAT0074,2024-02-27 19:32:00,22
MAT0074,2024-05-01 11:23:00,85
MAT0074,2024-03-12 21:24:00,121
MAT0075,2024-01-25 18:23:00,154
MAT0075,2024-02-03 07:45:00,70
MAT0075,2024-03-25 09:27:00,25
MAT0076,2024-04-08 09:46:00,124
MAT0076,2024-02-20 11:15:00,14
MAT0076,2024-01-10 14:09:00,6
MAT0076,2024-01-05 17:36:00,174
MAT0076,2024-04-27 15:29:00,72
MAT0076,2024-03-10 20:05:00,92
MAT0076,2024-05-30 16:24:00,80
MAT0076,2024-01-19 16:46:00,139
MAT0076,2024-01-18 07:16:00,31
MAT0076,2024-01-05 17:51:00,129
MAT0077,2024-02-02 22:05:00,14
MAT0077,2024-03-12 16:15:00,106
MAT0077,2024-05-16 18:05:00,111
MAT0077,2024-03-17 18:32:00,163
MAT0077,2024-04-08 20:47:00,92
MAT0077,2024-01-03 08:18:00,179
MAT0077,2024-03-26 21:14:00,35
MAT0077,2024-03-25 21:25:00,68
MAT0077,2024-01-14 14:58:00,105
MAT0077,2024-04-30 14:56:00,39
MAT0078,2024-05-14 09:11:00,43
MAT0078,2024-03-03 08:19:00,26
MAT0078,2024-05-22 10:53:00,81
MAT0078,2024-05-04 11:40:00,154
MAT0078,2024-01-21 07:51:00,96
MAT0078,2024-01-14 13:04:00,33
MAT0078,2024-02-21 20:27:00,131
MAT0078,2024-03-27 19:41:00,73
MAT0078,2024-01-14 14:05:00,7
MAT0078,2024-03-24 08:11:00,35
MAT0079,2024-03-05 19:14:00,107
MAT0079,2024-03-08 12:43:00,102
MAT0079,2024-02-29 13:21:00,139
MAT0079,2024-04-26 10:13:00,108
MAT0079,2024-05-21 17:24:00,130
MAT0079,2024-03-17 17:07:00,98
MAT0079,2024-01-10 07:50:00,178
MAT0079,2024-03-31 14:25:00,40
MAT0079,2024-03-31 14:01:00,178
MAT0079,2024-02-08 14:46:00,82
MAT0080,2024-05-09 09:40:00,145
MAT0080,2024-03-27 15:16:00,41
MAT0080,2024-05-01 14:48:00,164
MAT0080,2024-05-15 13:34:00,153
MAT0081,2024-05-20 07:34:00,150
MAT0081,2024-05-06 09:22:00,17
MAT0081,2024-04-18 13:54:00,101
MAT0081,2024-04-12 17:11:00,180
MAT0081,2024-03-12 12:16:00,151
MAT0081,2024-04-11 20:37:00,174
MAT0081,2024-02-13 10:50:00,89
MAT0081,2024-05-14 17:15:00,166
MAT0081,2024-02-19 14:27:00,68
MAT0082,2024-03-17 10:42:00,176
MAT0082,2024-01-26 13:19:00,38
MAT0082,2024-01-03 19:46:00,171
MAT0082,2024-02-14 21:13:00,54
MAT0082,2024-01-06 22:29:00,176
MAT0082,2024-04-22 12:31:00,132
MAT0082,2024-01-10 16:58:00,142
MAT0082,2024-05-17 17:46:00,107
MAT0083,2024-03-01 11:24:00,78
MAT0083,2024-04-06 21:11:00,128
MAT0083,2024-05-11 15:13:00,145
MAT0083,2024-04-02 21:51:00,44
MAT0083,2024-01-28 09:23:00,103
MAT0083,2024-03-28 18:48:00,7
MAT0083,2024-04-03 21:45:00,163
MAT0083,2024-03-03 20:44:00,140
MAT0083,2024-04-22 20:55:00,125
MAT0084,2024-03-22 19:27:00,129
MAT0084,2024-05-11 18:32:00,80
MAT0084,2024-02-21 13:02:00,62
MAT0084,2024-04-28 17:11:00,121
MAT0084,2024-02-14 14:54:00,67
MAT0084,2024-05-15 09:47:00,135
MAT0084,2024-04-01 19:21:00,85
MAT0084,2024-01-13 14:43:00,154
MAT0084,2024-04-16 21:57:00,61
MAT0085,2024-03-03 07:40:00,91
MAT0085,2024-04-05 15:36:00,111
MAT0085,2024-02-16 17:17:00,53
MAT0085,2024-01-05 20:31:00,66
MAT0085,2024-04-27 19:34:00,72
MAT0086,2024-03-10 20:27:00,102
MAT0086,2024-04-30 14:05:00,75
MAT0086,2024-04-28 09:46:00,30
MAT0086,2024-03-14 12:05:00,138
MAT0086,2024-01-01 14:11:00,12
MAT0086,2024-05-27 13:10:00,17
MAT0086,2024-05-23 13:09:00,42
MAT0086,2024-05-18 19:43:00,119
MAT0087,2024-05-30 22:36:00,12
MAT0087,2024-01-31 13:17:00,96
MAT0087,2024-05-13 13:21:00,72
MAT0087,2024-03-23 07:22:00,60
MAT0087,2024-03-07 19:37:00,87
MAT0087,2024-02-11 10:13:00,161
MAT0087,2024-05-13 17:26:00,17
MAT0087,2024-05-25 14:50:00,135
MAT0087,2024-02-09 09:27:00,103
MAT0088,2024-02-14 14:35:00,26
MAT0088,2024-03-18 19:42:00,154
MAT0088,2024-04-26 22:48:00,43
MAT0088,2024-05-21 13:38:00,78
MAT0089,2024-03-25 13:45:00,172
MAT0089,2024-05-25 21:33:00,87
MAT0089,2024-04-26 19:37:00,55
MAT0089,2024-03-04 14:30:00,111
MAT0089,2024-04-29 10:21:00,50
MAT0089,2024-01-05 12:51:00,143
MAT0089,2024-04-12 08:43:00,49
MAT0089,2024-03-17 22:56:00,88
MAT0090,2024-04-08 17:33:00,14
MAT0090,2024-02-15 21:15:00,158
MAT0090,2024-03-19 16:46:00,76
MAT0090,2024-02-07 07:26:00,41
MAT0091,2024-03-12 18:42:00,114
MAT0091,2024-05-25 12:53:00,107
MAT0091,2024-03-07 08:14:00,109
MAT0091,2024-03-16 12:14:00,19
MAT0091,2024-03-16 11:08:00,59
MAT0091,2024-01-25 20:50:00,58
MAT0091,2024-03-08 07:07:00,120
MAT0092,2024-05-01 15:02:00,174
MAT0092,2024-03-19 11:10:00,157
MAT0092,2024-03-19 21:40:00,145
MAT0092,2024-01-05 16:40:00,133
MAT0092,2024-02-14 13:01:00,101
MAT0092,2024-02-19 22:31:00,90
MAT0093,2024-04-26 07:22:00,156
MAT0093,2024-04-09 18:02:00,154
MAT0093,2024-02-09 21:33:00,76
MAT0093,2024-05-01 19:14:00,61
MAT0093,2024-03-23 14:13:00,27
MAT0093,2024-04-01 17:39:00,22
MAT0093,2024-03-04 21:32:00,139
MAT0093,2024-05-27 20:10:00,24
MAT0093,2024-05-23 22:34:00,39
MAT0093,2024-03-24 19:23:00,119
MAT0094,2024-04-17 18:28:00,137
MAT0094,2024-05-10 16:50:00,92
MAT0094,2024-01-25 08:07:00,113
MAT0094,2024-01-24 20:04:00,5
MAT0094,2024-04-11 09:50:00,150
MAT0094,2024-05-18 17:48:00,37
MAT0094,2024-02-26 10:43:00,161
MAT0094,2024-05-22 10:47:00,26
MAT0094,2024-01-24 10:43:00,10
MAT0094,2024-04-29 18:07:00,23
MAT0095,2024-01-02 19:45:00,85
MAT0095,2024-01-27 20:17:00,72
MAT0095,2024-01-18 21:29:00,155
MAT0095,2024-03-31 09:56:00,133
MAT0095,2024-03-20 08:16:00,29
MAT0095,2024-04-22 10:08:00,98
MAT0095,2024-03-27 09:03:00,64
MAT0095,2024-02-08 12:34:00,91
MAT0096,2024-02-16 08:13:00,52
MAT0096,2024-02-27 17:49:00,55
MAT0096,2024-05-24 21:34:00,130
MAT0097,2024-05-11 20:40:00,132
MAT0097,2024-01-18 21:35:00,180
MAT0097,2024-01-03 16:06:00,162
MAT0097,2024-01-30 20:09:00,39
MAT0097,2024-01-27 20:13:00,46
MAT0097,2024-01-08 10:35:00,28
MAT0097,2024-02-15 08:15:00,9
MAT0097,2024-01-29 17:26:00,19
MAT0097,2024-04-04 13:32:00,142
MAT0098,2024-02-06 17:00:00,65
MAT0098,2024-04-20 13:34:00,139
MAT0098,2024-02-20 08:39:00,60
MAT0098,2024-03-27 16:08:00,106
MAT0098,2024-05-10 11:18:00,175
MAT0098,2024-01-08 22:42:00,106
MAT0098,2024-04-05 18:12:00,32
MAT0098,2024-05-14 10:53:00,77
MAT0098,2024-01-14 20:35:00,172
MAT0099,2024-01-12 07:36:00,153
MAT0099,2024-05-14 12:45:00,64
MAT0099,2024-03-12 19:29:00,136
MAT0099,2024-03-20 22:35:00,103
MAT0099,2024-05-29 13:13:00,136
MAT0099,2024-03-01 16:32:00,24
MAT0099,2024-01-11 07:57:00,130
MAT0099,2024-01-15 13:17:00,140
MAT0099,2024-05-26 08:46:00,123
MAT0100,2024-02-08 09:01:00,132
MAT0100,2024-01-06 08:55:00,107
MAT0100,2024-02-14 08:04:00,48
MAT0100,2024-01-22 13:47:00,143
MAT0100,2024-01-05 20:22:00,44
MAT0100,2024-03-14 15:43:00,54
MAT0100,2024-01-04 18:37:00,175
MAT0100,2024-02-23 16:53:00,117
MAT0101,2024-04-03 09:38:00,12
MAT0101,2024-03-29 13:29:00,11
MAT0101,2024-03-15 12:36:00,69
MAT0101,2024-04-05 20:32:00,115
MAT0102,2024-05-08 10:18:00,157
MAT0102,2024-03-20 12:21:00,126
MAT0102,2024-01-14 14:12:00,25
MAT0102,2024-05-30 10:03:00,148
MAT0102,2024-03-23 16:30:00,143
MAT0102,2024-04-20 16:29:00,167
MAT0102,2024-02-16 14:23:00,140
MAT0102,2024-01-04 10:56:00,93
MAT0102,2024-04-06 19:46:00,75
MAT0103,2024-02-16 11:29:00,108
MAT0103,2024-03-17 18:36:00,40
MAT0103,2024-03-27 18:16:00,119
MAT0103,2024-03-08 07:50:00,159
MAT0103,2024-04-15 17:01:00,6
MAT0103,2024-03-04 07:41:00,128
MAT0103,2024-04-26 17:11:00,57
MAT0104,2024-05-29 12:53:00,144
MAT0104,2024-01-18 21:50:00,146
MAT0104,2024-05-10 18:05:00,138
MAT0104,2024-04-02 16:45:00,170
MAT0104,2024-03-21 12:39:00,161
MAT0104,2024-04-30 15:05:00,159
MAT0104,2024-05-26 16:37:00,148
MAT0105,2024-04-22 11:39:00,144
MAT0105,2024-05-21 14:16:00,26
MAT0105,2024-04-12 21:16:00,97
MAT0105,2024-02-26 13:14:00,100
MAT0106,2024-02-17 13:41:00,97
MAT0106,2024-01-05 15:32:00,121
MAT0106,2024-03-03 07:46:00,118
MAT0106,2024-01-18 17:01:00,127
MAT0106,2024-05-03 08:26:00,107
MAT0106,2024-02-20 18:02:00,144
MAT0107,2024-04-21 16:32:00,86
MAT0107,2024-02-15 12:01:00,44
MAT0107,2024-05-24 13:01:00,88
MAT0108,2024-05-13 20:21:00,110
MAT0108,2024-04-21 20:20:00,82
MAT0108,2024-05-07 15:50:00,67
MAT0108,2024-04-27 22:37:00,108
MAT0108,2024-02-12 13:45:00,7
MAT0108,2024-01-23 19:54:00,40
MAT0109,2024-03-31 17:45:00,97
MAT0109,2024-05-03 11:50:00,141
MAT0109,2024-05-01 10:13:00,15
MAT0109,2024-01-09 20:43:00,156
MAT0109,2024-02-22 22:05:00,25
MAT0109,2024-04-20 18:11:00,105
MAT0109,2024-05-15 07:09:00,122
MAT0109,2024-01-22 08:07:00,31
MAT0109,2024-01-07 13:19:00,71
MAT0110,2024-04-16 14:23:00,165
MAT0110,2024-02-28 21:13:00,141
MAT0110,2024-05-26 20:43:00,24
MAT0111,2024-02-23 10:10:00,71
MAT0111,2024-02-14 15:53:00,40
MAT0111,2024-04-13 15:49:00,90
MAT0111,2024-05-06 16:32:00,79
MAT0111,2024-03-03 20:09:00,136
MAT0111,2024-04-09 16:47:00,141
MAT0111,2024-05-13 18:00:00,97
MAT0112,2024-02-08 11:23:00,52
MAT0112,2024-02-17 08:16:00,179
MAT0112,2024-04-19 12:56:00,140
MAT0112,2024-03-21 13:12:00,94
MAT0112,2024-04-08 18:14:00,35
MAT0112,2024-03-16 14:40:00,133
MAT0112,2024-02-17 17:45:00,117
MAT0113,2024-05-19 08:03:00,6
MAT0113,2024-03-24 19:14:00,124
MAT0113,2024-05-08 13:57:00,23
MAT0114,2024-02-15 07:16:00,73
MAT0114,2024-03-09 11:24:00,104
MAT0114,2024-02-27 13:34:00,127
MAT0114,2024-02-05 11:42:00,85
MAT0114,2024-01-02 14:04:00,149
MAT0114,2024-05-15 07:39:00,78
MAT0114,2024-02-21 10:27:00,31
MAT0114,2024-05-08 13:20:00,87
MAT0115,2024-05-23 09:53:00,142
MAT0115,2024-05-09 15:12:00,85
MAT0115,2024-01-12 13:47:00,47
MAT0116,2024-04-13 07:18:00,9
MAT0116,2024-04-12 15:16:00,143
MAT0116,2024-03-21 19:18:00,144
MAT0116,2024-04-04 10:07:00,82
MAT0116,2024-05-07 10:40:00,61
MAT0116,2024-04-27 21:53:00,151
MAT0116,2024-05-23 15:17:00,51
MAT0116,2024-02-02 22:32:00,48
MAT0116,2024-04-24 22:38:00,162
MAT0117,2024-03-03 13:34:00,16
MAT0117,2024-03-18 11:49:00,97
MAT0117,2024-04-23 17:55:00,177
MAT0117,2024-05-20 16:00:00,35
MAT0117,2024-03-01 20:21:00,32
MAT0117,2024-03-22 16:44:00,155
MAT0117,2024-05-14 07:42:00,165
MAT0117,2024-05-16 21:10:00,125
MAT0117,2024-04-09 14:05:00,97
MAT0117,2024-04-10 18:59:00,26
MAT0118,2024-05-11 09:37:00,134
MAT0118,2024-02-22 20:40:00,137
MAT0118,2024-03-26 21:32:00,116
MAT0118,2024-03-09 13:24:00,103
MAT0118,2024-02-27 07:38:00,46
MAT0118,2024-02-16 10:10:00,122
MAT0118,2024-05-16 12:57:00,106
MAT0119,2024-05-25 17:33:00,10
MAT0119,2024-05-03 13:32:00,105
MAT0119,2024-02-20 10:57:00,28
MAT0119,2024-03-06 07:27:00,77
MAT0119,2024-02-27 14:56:00,77
MAT0119,2024-02-21 14:14:00,9
MAT0119,2024-03-08 15:42:00,104
MAT0120,2024-01-01 14:32:00,41
MAT0120,2024-02-28 21:14:00,115
MAT0120,2024-04-18 21:26:00,115
MAT0121,2024-01-10 21:11:00,154
MAT0121,2024-01-07 19:23:00,112
MAT0121,2024-03-29 14:19:00,175
MAT0121,2024-03-03 10:27:00,111
MAT0121,2024-01-13 16:58:00,142
MAT0121,2024-05-24 15:58:00,137
MAT0121,2024-04-01 22:19:00,135
MAT0122,2024-05-14 10:17:00,38
MAT0122,2024-01-19 14:03:00,117
MAT0122,2024-03-27 11:17:00,141
MAT0122,2024-02-13 13:32:00,94
MAT0122,2024-05-10 08:24:00,154
MAT0122,2024-05-09 14:12:00,60
MAT0122,2024-05-05 17:48:00,114
MAT0122,2024-05-19 22:56:00,169
MAT0123,2024-03-11 16:29:00,141
MAT0123,2024-03-23 17:10:00,117
MAT0123,2024-04-25 22:56:00,31
MAT0123,2024-02-08 21:39:00,118
MAT0123,2024-02-01 07:17:00,50
MAT0124,2024-03-02 17:46:00,8
MAT0124,2024-03-28 08:02:00,19
MAT0124,2024-03-01 09:46:00,22
MAT0124,2024-05-01 20:33:00,128
MAT0124,2024-05-26 18:28:00,78
MAT0124,2024-05-03 17:04:00,120
MAT0124,2024-04-18 13:59:00,116
MAT0125,2024-05-08 08:14:00,128
MAT0125,2024-05-07 22:54:00,135
MAT0125,2024-03-09 10:12:00,77
MAT0125,2024-05-24 16:13:00,137
MAT0125,2024-04-11 19:15:00,101
MAT0125,2024-05-19 11:17:00,45
MAT0125,2024-05-13 13:33:00,109
MAT0125,2024-02-29 20:47:00,80
MAT0125,2024-01-14 14:38:00,96
MAT0125,2024-03-01 07:47:00,41
MAT0126,2024-05-13 19:38:00,102
MAT0126,2024-01-30 15:42:00,103
MAT0126,2024-02-22 18:47:00,10
MAT0126,2024-02-02 18:38:00,150
MAT0126,2024-02-16 18:43:00,99
MAT0126,2024-03-28 15:25:00,124
MAT0126,2024-01-09 18:29:00,166
MAT0126,2024-05-08 13:27:00,50
MAT0126,2024-01-03 15:01:00,146
MAT0126,2024-05-23 19:51:00,25
MAT0127,2024-05-22 13:40:00,82
MAT0127,2024-03-18 15:10:00,17
MAT0127,2024-03-14 10:23:00,23
MAT0127,2024-03-14 13:48:00,58
MAT0127,2024-01-28 20:38:00,36
MAT0128,2024-01-24 18:04:00,69
MAT0128,2024-03-03 18:59:00,151
MAT0128,2024-03-17 21:26:00,111
MAT0128,2024-03-15 07:44:00,70
MAT0129,2024-01-21 19:02:00,119
MAT0129,2024-04-01 15:11:00,100
MAT0129,2024-04-15 16:46:00,155
MAT0129,2024-05-24 22:59:00,145
MAT0129,2024-03-23 16:37:00,111
MAT0129,2024-01-31 08:01:00,51
MAT0129,2024-05-17 21:28:00,90
MAT0129,2024-03-22 11:39:00,60
MAT0129,2024-02-16 08:06:00,141
MAT0129,2024-01-18 22:52:00,162
MAT0130,2024-05-30 10:34:00,14
MAT0130,2024-05-11 09:14:00,47
MAT0130,2024-01-28 10:06:00,92
MAT0130,2024-03-15 15:08:00,13
MAT0130,2024-04-09 10:04:00,118
MAT0130,2024-01-11 09:09:00,59
MAT0131,2024-03-22 20:05:00,124
MAT0131,2024-04-17 20:20:00,157
MAT0131,2024-04-15 07:39:00,28
MAT0131,2024-05-22 21:10:00,179
MAT0131,2024-05-25 14:47:00,27
MAT0131,2024-02-17 09:51:00,128
MAT0132,2024-02-03 14:54:00,117
MAT0132,2024-04-06 16:47:00,88
MAT0132,2024-04-08 09:59:00,128
MAT0132,2024-02-14 22:32:00,74
MAT0132,2024-04-15 11:26:00,157
MAT0132,2024-05-12 11:36:00,86
MAT0132,2024-01-31 22:09:00,12
MAT0132,2024-01-27 09:32:00,73
MAT0132,2024-02-12 19:21:00,76
MAT0132,2024-03-28 07:55:00,9
MAT0133,2024-03-19 14:04:00,8
MAT0133,2024-01-01 12:23:00,121
MAT0133,2024-02-06 08:32:00,164
MAT0133,2024-02-21 19:20:00,70
MAT0133,2024-02-12 16:37:00,16
MAT0133,2024-01-10 20:51:00,22
MAT0133,2024-05-21 11:17:00,139
MAT0134,2024-02-27 14:17:00,158
MAT0134,2024-05-29 19:55:00,73
MAT0134,2024-01-21 13:00:00,55
MAT0134,2024-01-17 13:13:00,30
MAT0134,2024-04-29 21:49:00,16
MAT0134,2024-02-01 13:34:00,20
MAT0134,2024-03-05 19:03:00,38
MAT0134,2024-04-18 20:17:00,141
MAT0135,2024-03-19 19:57:00,131
MAT0135,2024-05-11 19:14:00,138
MAT0135,2024-01-22 12:23:00,104
MAT0135,2024-05-18 17:03:00,51
MAT0135,2024-01-01 08:31:00,91
MAT0135,2024-02-24 08:28:00,73
MAT0135,2024-04-19 22:39:00,32
MAT0136,2024-03-25 19:13:00,27
MAT0136,2024-04-26 17:55:00,91
MAT0136,2024-04-03 10:16:00,111
MAT0136,2024-03-04 08:32:00,112
MAT0137,2024-03-16 14:52:00,150
MAT0137,2024-02-12 15:03:00,131
MAT0137,2024-04-28 12:40:00,24
MAT0138,2024-03-26 19:10:00,178
MAT0138,2024-04-15 08:40:00,5
MAT0138,2024-03-06 21:42:00,11
MAT0138,2024-02-19 20:42:00,137
MAT0138,2024-01-31 09:00:00,65
MAT0138,2024-05-24 14:56:00,24
MAT0139,2024-03-18 15:55:00,132
MAT0139,2024-01-03 11:07:00,98
MAT0139,2024-05-17 21:57:00,73
MAT0139,2024-02-06 11:30:00,43
MAT0139,2024-05-07 18:01:00,92
MAT0139,2024-03-05 18:54:00,24
MAT0139,2024-05-07 13:23:00,149
MAT0139,2024-01-31 14:17:00,61
MAT0139,2024-03-11 20:24:00,86
MAT0139,2024-05-03 18:00:00,145
MAT0140,2024-05-17 18:19:00,122
MAT0140,2024-02-28 11:14:00,111
MAT0140,2024-03-08 08:00:00,33
MAT0140,2024-03-10 08:52:00,89
MAT0140,2024-01-31 21:01:00,66
MAT0140,2024-05-22 09:53:00,143
MAT0140,2024-04-19 20:34:00,107
MAT0140,2024-03-25 19:33:00,99
MAT0141,2024-01-06 22:50:00,139
MAT0141,2024-05-16 10:41:00,98
MAT0141,2024-02-12 22:10:00,74
MAT0141,2024-01-13 15:09:00,54
MAT0141,2024-02-26 10:55:00,58
MAT0141,2024-03-23 07:01:00,126
MAT0141,2024-03-20 19:17:00,66
MAT0141,2024-05-15 22:02:00,178
MAT0141,2024-04-14 20:00:00,91
MAT0142,2024-01-30 12:00:00,136
MAT0142,2024-02-17 14:02:00,162
MAT0142,2024-02-15 14:41:00,14
MAT0142,2024-05-07 07:14:00,46
MAT0142,2024-01-09 11:06:00,132
MAT0142,2024-01-27 13:41:00,26
MAT0142,2024-05-16 12:17:00,59
MAT0143,2024-01-29 08:54:00,141
MAT0143,2024-01-28 13:49:00,124
MAT0143,2024-02-17 15:00:00,136
MAT0143,2024-01-11 15:24:00,151
MAT0143,2024-03-30 10:15:00,112
MAT0143,2024-02-09 18:03:00,59
MAT0143,2024-02-15 10:52:00,151
MAT0143,2024-04-24 09:01:00,125
MAT0143,2024-04-01 19:08:00,79
MAT0143,2024-02-19 12:35:00,120
MAT0144,2024-03-31 07:52:00,96
MAT0144,2024-04-09 16:09:00,80
MAT0144,2024-02-23 16:17:00,20
MAT0145,2024-04-25 20:18:00,21
MAT0145,2024-02-29 10:10:00,48
MAT0145,2024-05-27 22:33:00,36
MAT0145,2024-01-05 22:22:00,49
MAT0145,2024-05-10 08:37:00,29
MAT0145,2024-02-17 21:51:00,33
MAT0145,2024-03-15 13:42:00,25
MAT0145,2024-01-18 18:59:00,146
MAT0145,2024-04-26 20:46:00,158
MAT0145,2024-01-01 18:07:00,150
MAT0146,2024-03-11 11:00:00,90
MAT0146,2024-01-25 13:15:00,139
MAT0146,2024-03-05 22:38:00,76
MAT0146,2024-05-19 17:04:00,151
MAT0146,2024-02-11 15:31:00,15
MAT0146,2024-05-06 22:05:00,172
MAT0146,2024-03-11 14:54:00,50
MAT0147,2024-02-29 11:29:00,152
MAT0147,2024-05-27 19:33:00,67
MAT0147,2024-04-30 20:08:00,72
MAT0147,2024-03-02 21:58:00,13
MAT0148,2024-04-22 14:36:00,38
MAT0148,2024-04-07 07:50:00,171
MAT0148,2024-01-31 20:41:00,87
MAT0149,2024-01-08 15:28:00,25
MAT0149,2024-03-29 09:08:00,123
MAT0149,2024-01-24 22:09:00,180
MAT0149,2024-01-26 15:57:00,19
MAT0149,2024-03-23 14:21:00,178
MAT0149,2024-04-15 22:03:00,111
MAT0149,2024-01-07 07:48:00,50
MAT0149,2024-05-30 13:15:00,135
MAT0150,2024-01-23 09:30:00,37
MAT0150,2024-05-06 21:30:00,109
MAT0150,2024-05-29 20:51:00,166
MAT0150,2024-03-31 14:21:00,167
MAT0150,2024-02-03 09:06:00,73
MAT0150,2024-03-07 07:34:00,54
MAT0150,2024-02-19 07:13:00,53
MAT0150,2024-02-01 17:10:00,111
MAT0150,2024-04-05 14:21:00,100
MAT0150,2024-02-26 18:22:00,62
MAT0151,2024-04-08 19:11:00,121
MAT0151,2024-03-21 14:11:00,81
MAT0151,2024-03-07 11:28:00,170
MAT0151,2024-01-30 08:11:00,74
MAT0151,2024-04-24 16:29:00,34
MAT0151,2024-03-21 19:38:00,113
MAT0151,2024-02-09 11:23:00,167
MAT0152,2024-04-23 21:37:00,63
MAT0152,2024-01-08 16:39:00,81
MAT0152,2024-02-09 16:13:00,172
MAT0152,2024-01-26 11:18:00,146
MAT0152,2024-04-01 12:43:00,160
MAT0152,2024-03-08 07:32:00,114
MAT0153,2024-05-25 22:24:00,159
MAT0153,2024-02-02 08:23:00,8
MAT0153,2024-01-31 16:58:00,77
MAT0153,2024-02-19 13:23:00,172
MAT0154,2024-05-09 14:30:00,100
MAT0154,2024-04-15 09:10:00,93
MAT0154,2024-05-20 22:13:00,176
MAT0155,2024-04-14 15:52:00,100
MAT0155,2024-02-14 11:18:00,156
MAT0155,2024-01-10 22:22:00,46
MAT0155,2024-05-09 22:32:00,86
MAT0155,2024-03-11 15:51:00,74
MAT0155,2024-01-14 15:39:00,69
MAT0156,2024-05-18 14:55:00,98
MAT0156,2024-01-25 22:30:00,127
MAT0156,2024-03-29 09:15:00,52
MAT0156,2024-03-05 19:31:00,152
MAT0156,2024-04-21 07:09:00,81
MAT0156,2024-01-17 12:07:00,146
MAT0156,2024-04-03 14:52:00,53
MAT0157,2024-03-08 12:49:00,51
MAT0157,2024-01-10 10:08:00,60
MAT0157,2024-03-19 13:49:00,45
MAT0157,2024-03-14 07:40:00,120
MAT0157,2024-05-08 19:38:00,21
MAT0157,2024-01-25 12:54:00,129
MAT0157,2024-03-15 19:38:00,159
MAT0157,2024-03-08 09:56:00,63
MAT0158,2024-03-27 13:18:00,164
MAT0158,2024-05-17 16:44:00,58
MAT0158,2024-05-16 12:49:00,89
MAT0159,2024-03-10 16:34:00,14
MAT0159,2024-01-03 11:10:00,167
MAT0159,2024-02-04 11:40:00,19
MAT0159,2024-02-25 13:25:00,122
MAT0159,2024-02-08 11:54:00,63
MAT0160,2024-04-25 20:36:00,23
MAT0160,2024-02-28 16:10:00,127
MAT0160,2024-03-30 19:10:00,8
MAT0160,2024-04-11 15:09:00,42
MAT0160,2024-05-10 11:51:00,170
MAT0160,2024-04-28 12:34:00,155
MAT0160,2024-01-20 21:48:00,84
MAT0161,2024-03-04 11:33:00,61
MAT0161,2024-01-03 18:55:00,99
MAT0161,2024-01-08 18:41:00,103
MAT0161,2024-05-06 19:17:00,115
MAT0161,2024-02-21 21:39:00,110
MAT0161,2024-02-10 19:57:00,118
MAT0162,2024-02-04 15:17:00,159
MAT0162,2024-02-05 08:39:00,111
MAT0162,2024-01-26 08:53:00,172
MAT0162,2024-04-06 11:44:00,63
MAT0163,2024-05-14 10:58:00,26
MAT0163,2024-05-10 22:24:00,45
MAT0163,2024-04-25 15:45:00,139
MAT0163,2024-03-17 20:27:00,65
MAT0163,2024-04-22 17:54:00,17
MAT0163,2024-03-02 10:45:00,113
MAT0163,2024-04-11 20:56:00,51
MAT0163,2024-05-25 10:15:00,178
MAT0163,2024-04-30 10:51:00,154
MAT0164,2024-04-30 07:13:00,114
MAT0164,2024-03-11 18:42:00,95
MAT0164,2024-02-23 10:17:00,179
MAT0164,2024-02-15 14:00:00,72
MAT0164,2024-05-28 19:54:00,79
MAT0164,2024-05-12 20:33:00,32
MAT0164,2024-04-03 22:52:00,93
MAT0165,2024-03-06 18:34:00,142
MAT0165,2024-01-01 09:10:00,27
MAT0165,2024-01-19 08:58:00,52
MAT0165,2024-01-20 17:47:00,110
MAT0165,2024-04-23 20:26:00,160
MAT0165,2024-04-20 12:14:00,139
MAT0165,2024-01-06 15:59:00,27
MAT0166,2024-05-29 18:55:00,140
MAT0166,2024-04-15 16:24:00,172
MAT0166,2024-03-11 17:51:00,73
MAT0166,2024-04-16 19:46:00,84
MAT0166,2024-01-17 22:27:00,176
MAT0166,2024-04-22 07:55:00,119
MAT0166,2024-05-11 07:28:00,149
MAT0166,2024-01-30 14:34:00,33
MAT0166,2024-04-20 11:30:00,18
MAT0166,2024-05-25 11:53:00,117
MAT0167,2024-04-14 16:28:00,128
MAT0167,2024-02-24 07:56:00,112
MAT0167,2024-03-05 17:16:00,171
MAT0167,2024-02-11 20:57:00,72
MAT0167,2024-03-18 22:10:00,73
MAT0167,2024-02-21 22:13:00,12
MAT0167,2024-05-21 12:05:00,118
MAT0167,2024-05-25 15:48:00,80
MAT0167,2024-03-13 12:00:00,102
MAT0167,2024-05-01 17:13:00,40
MAT0168,2024-02-13 08:56:00,176
MAT0168,2024-04-11 21:37:00,170
MAT0168,2024-02-26 10:51:00,91
MAT0168,2024-03-30 20:58:00,88
MAT0168,2024-01-25 21:26:00,120
MAT0169,2024-02-21 19:10:00,178
MAT0169,2024-04-27 20:08:00,33
MAT0169,2024-02-14 21:20:00,41
MAT0169,2024-04-08 20:21:00,33
MAT0169,2024-05-26 15:00:00,26
MAT0170,2024-03-23 14:25:00,118
MAT0170,2024-01-07 14:52:00,56
MAT0170,2024-01-09 20:46:00,130
MAT0170,2024-03-27 18:29:00,24
MAT0170,2024-02-26 14:05:00,134
MAT0170,2024-01-21 09:27:00,58
MAT0170,2024-05-23 21:52:00,158
MAT0170,2024-01-16 11:48:00,128
MAT0170,2024-01-08 20:11:00,33
MAT0170,2024-04-14 09:52:00,165
MAT0171,2024-03-11 08:28:00,133
MAT0171,2024-05-01 17:53:00,19
MAT0171,2024-03-07 19:00:00,162
MAT0171,2024-02-03 10:56:00,148
MAT0171,2024-04-22 09:56:00,145
MAT0171,2024-02-21 21:27:00,109
MAT0172,2024-02-17 11:55:00,81
MAT0172,2024-04-21 08:07:00,157
MAT0172,2024-02-03 22:02:00,82
MAT0172,2024-01-10 17:31:00,121
MAT0172,2024-04-13 07:51:00,100
MAT0172,2024-04-04 14:41:00,69
MAT0172,2024-03-18 17:05:00,174
MAT0173,2024-03-11 16:28:00,25
MAT0173,2024-04-27 11:51:00,24
MAT0173,2024-02-13 13:58:00,169
MAT0173,2024-05-07 12:54:00,164
MAT0173,2024-02-08 11:17:00,52
MAT0173,2024-01-19 20:05:00,163
MAT0174,2024-04-22 19:13:00,52
MAT0174,2024-01-23 09:55:00,142
MAT0174,2024-05-29 22:39:00,44
MAT0174,2024-01-22 08:14:00,109
MAT0174,2024-04-30 19:46:00,109
MAT0174,2024-05-09 14:02:00,81
MAT0174,2024-01-17 12:25:00,69
MAT0174,2024-03-07 19:34:00,94
MAT0175,2024-05-18 13:31:00,180
MAT0175,2024-04-12 20:01:00,44
MAT0175,2024-02-15 15:16:00,36
MAT0175,2024-03-12 19:58:00,43
MAT0175,2024-02-19 10:12:00,149
MAT0175,2024-05-25 17:31:00,56
MAT0175,2024-05-28 13:27:00,10
MAT0176,2024-05-26 21:34:00,95
MAT0176,2024-05-03 22:32:00,153
MAT0176,2024-01-14 13:58:00,180
MAT0176,2024-04-12 14:02:00,13
MAT0176,2024-02-16 12:37:00,176
MAT0176,2024-05-26 10:38:00,151
MAT0177,2024-03-30 13:45:00,126
MAT0177,2024-02-13 14:28:00,142
MAT0177,2024-03-20 17:43:00,173
MAT0177,2024-01-24 11:54:00,153
MAT0177,2024-01-25 09:55:00,39
MAT0177,2024-01-24 22:47:00,176
MAT0177,2024-03-01 18:15:00,75
MAT0177,2024-04-21 21:07:00,14
MAT0178,2024-01-20 17:39:00,17
MAT0178,2024-04-11 10:07:00,68
MAT0178,2024-04-06 11:14:00,76
MAT0178,2024-01-28 20:01:00,129
MAT0178,2024-01-08 10:13:00,82
MAT0178,2024-03-22 18:30:00,63
MAT0178,2024-02-14 17:43:00,110
MAT0178,2024-04-21 07:37:00,87
MAT0178,2024-04-04 10:35:00,65
MAT0178,2024-01-04 10:50:00,117
MAT0179,2024-03-19 11:44:00,145
MAT0179,2024-03-25 21:30:00,158
MAT0179,2024-03-05 15:29:00,134
MAT0180,2024-02-27 09:37:00,157
MAT0180,2024-02-18 07:17:00,100
MAT0180,2024-02-17 15:20:00,48
MAT0180,2024-04-16 14:19:00,27
MAT0180,2024-01-19 10:33:00,179
MAT0180,2024-03-13 13:32:00,21
MAT0181,2024-01-21 19:44:00,128
MAT0181,2024-03-18 22:01:00,5
MAT0181,2024-01-03 21:07:00,155
MAT0181,2024-04-08 07:18:00,133
MAT0181,2024-04-07 16:59:00,132
MAT0181,2024-04-06 10:18:00,97
MAT0181,2024-02-14 22:54:00,122
MAT0181,2024-03-19 17:26:00,154
MAT0181,2024-02-13 21:18:00,13
MAT0182,2024-02-07 15:27:00,159
MAT0182,2024-05-13 12:36:00,27
MAT0182,2024-05-26 15:21:00,161
MAT0182,2024-04-16 16:18:00,33
MAT0182,2024-02-23 21:58:00,170
MAT0182,2024-02-04 08:04:00,126
MAT0182,2024-03-29 09:26:00,136
MAT0182,2024-02-28 16:23:00,168
MAT0182,2024-01-15 10:44:00,164
MAT0182,2024-03-21 21:10:00,72
MAT0183,2024-01-11 19:27:00,126
MAT0183,2024-03-30 11:36:00,69
MAT0183,2024-05-21 10:03:00,55
MAT0183,2024-03-19 18:18:00,114
MAT0184,2024-01-12 16:29:00,159
MAT0184,2024-01-20 17:01:00,129
MAT0184,2024-05-17 12:19:00,156
MAT0184,2024-03-01 09:29:00,155
MAT0184,2024-03-15 21:43:00,36
MAT0184,2024-05-07 21:44:00,135
MAT0184,2024-05-09 10:57:00,19
MAT0185,2024-01-16 08:17:00,103
MAT0185,2024-04-07 08:17:00,93
MAT0185,2024-03-07 07:15:00,19
MAT0185,2024-05-24 18:12:00,5
MAT0185,2024-05-22 18:16:00,116
MAT0185,2024-05-22 09:13:00,82
MAT0185,2024-02-15 21:24:00,167
MAT0185,2024-01-16 17:16:00,155
MAT0185,2024-05-12 20:16:00,5
MAT0185,2024-01-26 11:46:00,44
MAT0186,2024-05-16 14:28:00,31
MAT0186,2024-02-23 17:51:00,101
MAT0186,2024-01-01 08:45:00,161
MAT0186,2024-03-10 21:23:00,128
MAT0186,2024-05-24 19:56:00,85
MAT0186,2024-01-31 17:36:00,148
MAT0186,2024-02-01 19:16:00,150
MAT0186,2024-03-25 21:36:00,143
MAT0186,2024-02-24 09:10:00,81
MAT0187,2024-01-14 20:44:00,137
MAT0187,2024-01-03 19:00:00,55
MAT0187,2024-03-19 14:28:00,162
MAT0187,2024-02-01 19:54:00,58
MAT0187,2024-03-12 13:09:00,163
MAT0187,2024-03-28 07:09:00,83
MAT0187,2024-01-02 10:41:00,131
MAT0187,2024-04-12 22:34:00,63
MAT0187,2024-03-24 10:55:00,5
MAT0188,2024-02-23 14:55:00,35
MAT0188,2024-03-30 12:52:00,7
MAT0188,2024-05-07 20:47:00,136
MAT0189,2024-02-27 21:26:00,171
MAT0189,2024-04-28 20:41:00,154
MAT0189,2024-02-22 21:05:00,122
MAT0189,2024-04-16 22:38:00,163
MAT0189,2024-04-24 15:12:00,21
MAT0189,2024-04-07 11:58:00,127
MAT0189,2024-02-02 22:14:00,180
MAT0189,2024-01-14 15:20:00,163
MAT0189,2024-02-13 12:42:00,97
MAT0190,2024-05-14 08:28:00,15
MAT0190,2024-03-29 15:26:00,63
MAT0190,2024-04-18 21:43:00,134
MAT0190,2024-01-11 20:17:00,171
MAT0191,2024-03-28 22:32:00,49
MAT0191,2024-01-24 22:24:00,84
MAT0191,2024-05-13 21:43:00,179
MAT0191,2024-05-24 18:09:00,51
MAT0192,2024-01-09 22:46:00,121
MAT0192,2024-01-12 12:00:00,45
MAT0192,2024-03-18 13:20:00,153
MAT0192,2024-05-12 17:11:00,73
MAT0192,2024-03-16 20:58:00,82
MAT0193,2024-04-07 13:09:00,71
MAT0193,2024-02-22 13:55:00,81
MAT0193,2024-01-07 07:19:00,19
MAT0194,2024-03-20 08:18:00,12
MAT0194,2024-02-23 19:32:00,44
MAT0194,2024-03-10 18:49:00,37
MAT0194,2024-01-01 18:06:00,30
MAT0195,2024-02-12 16:40:00,153
MAT0195,2024-05-30 22:48:00,69
MAT0195,2024-03-29 10:56:00,137
MAT0195,2024-03-04 19:45:00,70
MAT0195,2024-05-22 07:05:00,41
MAT0195,2024-02-01 08:59:00,75
MAT0195,2024-05-18 20:24:00,157
MAT0195,2024-03-26 22:42:00,178
MAT0195,2024-04-28 13:04:00,150
MAT0196,2024-01-06 16:22:00,115
MAT0196,2024-05-29 17:53:00,134
MAT0196,2024-02-25 19:00:00,147
MAT0196,2024-04-28 20:55:00,60
MAT0196,2024-03-06 12:27:00,34
MAT0196,2024-02-19 16:28:00,144
MAT0196,2024-04-05 17:06:00,67
MAT0196,2024-04-04 12:43:00,66
MAT0196,2024-05-27 21:06:00,148
MAT0196,2024-03-04 14:21:00,128
MAT0197,2024-04-08 12:25:00,21
MAT0197,2024-05-10 13:56:00,56
MAT0197,2024-03-07 12:00:00,26
MAT0197,2024-03-28 16:29:00,20
MAT0197,2024-01-19 17:31:00,53
MAT0197,2024-01-05 10:23:00,47
MAT0197,2024-02-08 22:51:00,142
MAT0197,2024-01-02 09:38:00,41
MAT0198,2024-05-10 10:24:00,79
MAT0198,2024-01-09 18:17:00,21
MAT0198,2024-02-09 14:44:00,20
MAT0198,2024-05-09 08:40:00,145
MAT0199,2024-05-29 07:38:00,97
MAT0199,2024-01-17 16:18:00,153
MAT0199,2024-01-12 09:01:00,152
MAT0200,2024-05-20 07:13:00,117
MAT0200,2024-05-08 14:13:00,162
MAT0200,2024-03-13 14:39:00,45
MAT0200,2024-01-16 19:15:00,77
MAT0200,2024-03-26 11:47:00,143
MAT0200,2024-02-05 09:43:00,25
MAT0201,2024-02-06 22:01:00,107
MAT0201,2024-03-31 17:42:00,137
MAT0201,2024-01-14 22:14:00,85
MAT0201,2024-04-21 22:22:00,175
MAT0201,2024-03-07 07:51:00,118
MAT0201,2024-03-20 07:14:00,97
MAT0201,2024-04-04 13:02:00,141
MAT0201,2024-05-19 22:57:00,14
MAT0202,2024-03-01 08:03:00,41
MAT0202,2024-04-30 19:11:00,174
MAT0202,2024-01-06 19:45:00,159
MAT0202,2024-02-11 13:32:00,27
MAT0202,2024-02-22 21:57:00,44
MAT0202,2024-01-07 09:34:00,93
MAT0202,2024-04-20 07:11:00,53
MAT0202,2024-02-12 08:58:00,120
MAT0202,2024-04-13 14:01:00,151
MAT0203,2024-02-04 18:02:00,16
MAT0203,2024-05-09 09:41:00,111
MAT0203,2024-01-16 20:50:00,22
MAT0203,2024-04-29 18:55:00,51
MAT0203,2024-04-03 11:46:00,37
MAT0204,2024-01-11 19:41:00,157
MAT0204,2024-02-08 13:01:00,21
MAT0204,2024-02-25 07:44:00,42
MAT0204,2024-03-18 16:57:00,87
MAT0204,2024-05-01 20:31:00,50
MAT0205,2024-05-24 21:27:00,63
MAT0205,2024-05-22 19:43:00,119
MAT0205,2024-03-06 07:37:00,81
MAT0205,2024-04-06 12:29:00,129
MAT0206,2024-01-18 20:22:00,107
MAT0206,2024-03-27 19:21:00,67
MAT0206,2024-05-16 12:49:00,143
MAT0206,2024-02-17 22:17:00,38
MAT0206,2024-03-09 18:05:00,142
MAT0206,2024-05-18 20:26:00,20
MAT0206,2024-01-18 09:29:00,53
MAT0207,2024-01-11 11:45:00,12
MAT0207,2024-03-25 12:55:00,109
MAT0207,2024-03-01 10:54:00,179
MAT0207,2024-05-01 10:00:00,175
MAT0208,2024-05-13 18:05:00,16
MAT0208,2024-02-11 17:59:00,165
MAT0208,2024-03-27 08:30:00,16
MAT0208,2024-02-04 08:59:00,21
MAT0208,2024-04-14 07:07:00,13
MAT0208,2024-05-20 07:07:00,87
MAT0208,2024-01-28 07:40:00,9
MAT0209,2024-04-03 08:15:00,127
MAT0209,2024-02-28 17:36:00,153
MAT0209,2024-02-29 17:58:00,122
MAT0209,2024-01-29 08:39:00,178
MAT0209,2024-02-28 17:34:00,93
MAT0209,2024-01-28 17:37:00,49
MAT0209,2024-04-02 14:24:00,96
MAT0209,2024-02-09 20:44:00,76
MAT0209,2024-04-09 21:25:00,100
MAT0209,2024-03-24 18:10:00,96
MAT0210,2024-04-29 13:43:00,31
MAT0210,2024-01-30 21:49:00,8
MAT0210,2024-05-07 17:22:00,91
MAT0211,2024-04-24 15:55:00,22
MAT0211,2024-04-09 17:10:00,86
MAT0211,2024-05-02 12:46:00,83
MAT0211,2024-03-05 16:27:00,26
MAT0211,2024-01-16 19:26:00,92
MAT0211,2024-05-18 18:42:00,96
MAT0211,2024-05-04 10:07:00,119
MAT0212,2024-04-11 18:19:00,57
MAT0212,2024-05-24 08:36:00,49
MAT0212,2024-02-26 09:40:00,178
MAT0212,2024-04-08 20:12:00,96
MAT0213,2024-04-19 16:07:00,156
MAT0213,2024-05-07 19:55:00,58
MAT0213,2024-03-30 22:15:00,69
MAT0214,2024-04-03 12:38:00,58
MAT0214,2024-03-07 11:27:00,161
MAT0214,2024-05-21 19:57:00,116
MAT0214,2024-01-27 13:34:00,122
MAT0214,2024-04-04 09:43:00,34
MAT0215,2024-04-30 22:04:00,80
MAT0215,2024-01-28 09:32:00,116
MAT0215,2024-01-06 19:08:00,137
MAT0215,2024-04-14 21:29:00,121
MAT0215,2024-01-15 15:01:00,40
MAT0215,2024-02-18 13:39:00,171
MAT0216,2024-05-28 07:31:00,48
MAT0216,2024-01-29 20:39:00,21
MAT0216,2024-02-17 14:39:00,122
MAT0216,2024-02-09 10:43:00,56
MAT0216,2024-04-03 12:02:00,97
MAT0216,2024-05-22 16:49:00,170
MAT0216,2024-01-03 15:23:00,25
MAT0216,2024-01-23 15:20:00,154
MAT0216,2024-02-16 16:11:00,162
MAT0217,2024-04-18 11:31:00,155
MAT0217,2024-03-28 12:05:00,164
MAT0217,2024-01-07 21:33:00,31
MAT0217,2024-05-25 10:01:00,141
MAT0218,2024-03-05 16:41:00,50
MAT0218,2024-03-22 17:31:00,175
MAT0218,2024-04-09 15:53:00,64
MAT0218,2024-04-23 16:22:00,107
MAT0218,2024-05-25 17:54:00,102
MAT0218,2024-03-20 12:49:00,5
MAT0218,2024-02-13 13:59:00,87
MAT0218,2024-05-25 14:42:00,61
MAT0219,2024-04-08 18:23:00,63
MAT0219,2024-01-08 08:56:00,100
MAT0219,2024-04-06 10:56:00,96
MAT0219,2024-02-05 18:33:00,7
MAT0219,2024-02-24 10:00:00,114
MAT0219,2024-02-23 18:53:00,40
MAT0219,2024-05-17 15:20:00,167
MAT0219,2024-03-29 19:55:00,108
MAT0219,2024-02-23 19:17:00,122
MAT0220,2024-02-03 07:40:00,170
MAT0220,2024-05-17 11:25:00,51
MAT0220,2024-02-17 21:24:00,123
MAT0220,2024-01-07 16:30:00,6
MAT0221,2024-02-20 07:05:00,140
MAT0221,2024-03-09 20:18:00,156
MAT0221,2024-04-12 07:26:00,53
MAT0222,2024-03-17 08:30:00,157
MAT0222,2024-02-12 22:39:00,122
MAT0222,2024-01-03 20:31:00,100
MAT0223,2024-04-17 07:51:00,157
MAT0223,2024-01-26 22:18:00,134
MAT0223,2024-02-04 15:24:00,152
MAT0223,2024-01-28 07:41:00,148
MAT0223,2024-03-10 12:47:00,85
MAT0223,2024-02-11 12:47:00,9
MAT0223,2024-04-26 10:36:00,117
MAT0223,2024-03-10 18:11:00,15
MAT0223,2024-04-28 09:19:00,39
MAT0224,2024-05-29 09:25:00,46
MAT0224,2024-02-19 10:48:00,116
MAT0224,2024-01-02 17:53:00,81
MAT0224,2024-03-19 18:10:00,52
MAT0224,2024-02-16 18:13:00,63
MAT0224,2024-01-20 18:49:00,118
MAT0224,2024-05-18 14:26:00,175
MAT0224,2024-04-18 21:57:00,32
MAT0224,2024-03-22 13:07:00,18
MAT0225,2024-04-10 09:46:00,13
MAT0225,2024-04-08 14:23:00,165
MAT0225,2024-03-08 22:33:00,23
MAT0225,2024-04-01 10:32:00,149
MAT0225,2024-05-02 09:01:00,145
MAT0226,2024-04-29 13:17:00,68
MAT0226,2024-03-24 07:47:00,12
MAT0226,2024-05-28 10:55:00,13
MAT0226,2024-03-12 08:40:00,12
MAT0226,2024-03-24 21:13:00,70
MAT0226,2024-01-14 18:32:00,173
MAT0226,2024-04-01 17:26:00,154
MAT0226,2024-01-10 14:06:00,66
MAT0226,2024-05-20 22:25:00,19
MAT0226,2024-01-20 07:43:00,52
MAT0227,2024-01-15 14:12:00,99
MAT0227,2024-03-19 17:06:00,72
MAT0227,2024-03-25 22:32:00,30
MAT0227,2024-03-03 16:37:00,91
MAT0227,2024-04-22 13:30:00,75
MAT0227,2024-02-16 13:38:00,12
MAT0227,2024-01-28 18:50:00,48
MAT0227,2024-01-15 14:24:00,141
MAT0227,2024-02-17 09:05:00,163
MAT0227,2024-02-16 15:23:00,27
MAT0228,2024-02-22 22:27:00,93
MAT0228,2024-02-27 11:36:00,65
MAT0228,2024-02-05 09:49:00,177
MAT0228,2024-04-19 11:42:00,171
MAT0228,2024-04-16 07:13:00,8
MAT0228,2024-03-08 07:00:00,140
MAT0228,2024-05-26 10:21:00,84
MAT0228,2024-03-14 17:43:00,36
MAT0229,2024-02-15 12:02:00,130
MAT0229,2024-02-14 17:32:00,140
MAT0229,2024-04-03 22:40:00,101
MAT0229,2024-02-25 10:02:00,9
MAT0229,2024-03-26 15:02:00,26
MAT0229,2024-01-19 14:40:00,119
MAT0229,2024-04-04 12:24:00,64
MAT0229,2024-05-06 21:01:00,88
MAT0229,2024-05-11 18:52:00,63
MAT0229,2024-02-13 09:42:00,144
MAT0230,2024-03-13 12:01:00,39
MAT0230,2024-01-28 20:45:00,72
MAT0230,2024-02-10 16:28:00,52
MAT0230,2024-03-19 22:38:00,10
MAT0230,2024-02-28 18:00:00,114
MAT0230,2024-01-16 20:52:00,98
MAT0230,2024-02-06 12:56:00,140
MAT0231,2024-03-06 21:00:00,97
MAT0231,2024-03-17 09:06:00,38
MAT0231,2024-04-05 15:41:00,76
MAT0231,2024-01-21 09:21:00,134
MAT0231,2024-01-10 15:02:00,145
MAT0231,2024-04-15 22:01:00,88
MAT0231,2024-01-29 17:38:00,176
MAT0231,2024-02-13 12:53:00,115
MAT0231,2024-03-29 14:49:00,108
MAT0232,2024-03-29 10:55:00,178
MAT0232,2024-03-11 07:09:00,89
MAT0232,2024-05-12 20:09:00,112
MAT0232,2024-01-18 17:34:00,76
MAT0232,2024-04-17 15:17:00,178
MAT0232,2024-04-21 17:24:00,178
MAT0233,2024-05-03 16:32:00,148
MAT0233,2024-03-31 10:27:00,81
MAT0233,2024-05-15 07:58:00,60
MAT0233,2024-03-27 11:14:00,143
MAT0234,2024-02-07 19:28:00,66
MAT0234,2024-01-15 17:10:00,35
MAT0234,2024-04-08 11:59:00,17
MAT0234,2024-02-13 12:59:00,95
MAT0234,2024-01-29 15:38:00,124
MAT0234,2024-05-16 16:32:00,106
MAT0235,2024-01-10 08:38:00,17
MAT0235,2024-05-20 22:15:00,98
MAT0235,2024-05-17 18:39:00,108
MAT0235,2024-04-13 15:40:00,68
MAT0236,2024-02-19 12:59:00,27
MAT0236,2024-05-09 18:31:00,124
MAT0236,2024-04-04 11:54:00,164
MAT0237,2024-04-13 21:56:00,40
MAT0237,2024-02-05 08:15:00,117
MAT0237,2024-01-01 07:31:00,95
MAT0238,2024-01-07 17:42:00,141
MAT0238,2024-04-24 14:27:00,164
MAT0238,2024-05-21 11:09:00,142
MAT0238,2024-02-12 21:39:00,73
MAT0238,2024-04-19 21:01:00,91
MAT0238,2024-02-03 07:14:00,139
MAT0238,2024-03-07 14:47:00,119
MAT0239,2024-01-30 22:08:00,147
MAT0239,2024-01-19 16:41:00,119
MAT0239,2024-02-11 11:07:00,99
MAT0239,2024-03-09 19:05:00,85
MAT0239,2024-03-16 08:22:00,141
MAT0239,2024-05-30 08:07:00,40
MAT0239,2024-05-30 14:25:00,112
MAT0239,2024-01-20 08:05:00,133
MAT0239,2024-01-21 14:23:00,102
MAT0240,2024-03-07 20:54:00,32
MAT0240,2024-01-20 14:53:00,7
MAT0240,2024-01-11 08:24:00,111
MAT0240,2024-01-28 22:55:00,33
MAT0240,2024-04-13 13:52:00,67
MAT0240,2024-03-12 08:57:00,151
MAT0240,2024-05-03 08:22:00,123
MAT0240,2024-02-22 20:30:00,135
MAT0241,2024-05-22 13:32:00,152
MAT0241,2024-04-02 21:13:00,101
MAT0241,2024-02-03 09:30:00,95
MAT0242,2024-02-15 15:59:00,166
MAT0242,2024-03-30 10:08:00,166
MAT0242,2024-05-22 22:55:00,141
MAT0242,2024-03-31 22:46:00,66
MAT0242,2024-05-01 18:38:00,110
MAT0242,2024-04-11 14:31:00,118
MAT0242,2024-02-11 19:57:00,138
MAT0243,2024-03-02 13:23:00,159
MAT0243,2024-01-10 16:38:00,51
MAT0243,2024-01-18 17:10:00,64
MAT0243,2024-03-01 18:56:00,150
MAT0243,2024-04-08 22:39:00,30
MAT0243,2024-02-04 17:59:00,58
MAT0244,2024-05-09 08:27:00,105
MAT0244,2024-04-16 08:12:00,178
MAT0244,2024-01-17 12:36:00,100
MAT0244,2024-01-21 08:58:00,102
MAT0244,2024-05-15 19:33:00,79
MAT0244,2024-04-21 21:09:00,164
MAT0245,2024-02-13 13:01:00,112
MAT0245,2024-01-24 21:41:00,122
MAT0245,2024-03-20 08:12:00,94
MAT0245,2024-04-29 13:48:00,133
MAT0245,2024-04-02 21:28:00,94
MAT0246,2024-04-09 21:16:00,175
MAT0246,2024-04-11 20:20:00,151
MAT0246,2024-03-30 15:33:00,120
MAT0246,2024-01-12 07:37:00,8
MAT0246,2024-01-07 12:24:00,67
MAT0246,2024-01-10 20:31:00,30
MAT0246,2024-04-30 07:21:00,128
MAT0246,2024-02-02 19:57:00,24
MAT0246,2024-02-16 15:40:00,10
MAT0247,2024-02-15 13:32:00,75
MAT0247,2024-01-13 11:59:00,111
MAT0247,2024-03-23 15:04:00,89
MAT0247,2024-05-21 15:47:00,62
MAT0247,2024-01-16 15:58:00,62
MAT0247,2024-03-03 15:27:00,120
MAT0247,2024-03-04 21:31:00,169
MAT0247,2024-05-23 17:16:00,173
MAT0248,2024-03-21 20:43:00,115
MAT0248,2024-02-10 14:48:00,123
MAT0248,2024-01-16 17:43:00,47
MAT0248,2024-03-09 10:17:00,162
MAT0249,2024-03-12 10:42:00,110
MAT0249,2024-04-13 21:14:00,152
MAT0249,2024-02-06 17:09:00,14
MAT0250,2024-04-05 15:10:00,77
MAT0250,2024-05-04 09:28:00,39
MAT0250,2024-05-13 14:54:00,99
MAT0250,2024-05-18 07:19:00,40
MAT0250,2024-04-06 09:00:00,88
MAT0250,2024-02-07 19:41:00,7
MAT0250,2024-02-09 12:35:00,140
MAT0250,2024-01-20 07:53:00,38
MAT0250,2024-03-01 14:30:00,44
MAT0251,2024-05-25 08:27:00,89
MAT0251,2024-04-28 14:05:00,70
MAT0251,2024-03-15 19:54:00,102
MAT0251,2024-02-22 12:26:00,69
MAT0251,2024-03-04 17:16:00,88
MAT0251,2024-01-04 09:39:00,43
MAT0252,2024-03-06 07:11:00,71
MAT0252,2024-02-29 15:57:00,18
MAT0252,2024-02-15 16:52:00,168
MAT0252,2024-04-04 08:38:00,132
MAT0252,2024-02-17 11:27:00,139
MAT0252,2024-02-22 09:20:00,72
MAT0252,2024-04-19 13:12:00,138
MAT0252,2024-05-02 12:54:00,101
MAT0252,2024-05-18 13:01:00,106
MAT0253,2024-04-01 09:14:00,71
MAT0253,2024-02-09 13:16:00,9
MAT0253,2024-03-07 12:37:00,102
MAT0253,2024-02-23 17:56:00,40
MAT0253,2024-04-30 12:01:00,157
MAT0254,2024-02-01 12:35:00,77
MAT0254,2024-01-24 14:23:00,149
MAT0254,2024-04-26 13:47:00,138
MAT0254,2024-03-06 10:06:00,121
MAT0254,2024-03-20 07:05:00,66
MAT0255,2024-02-20 09:08:00,173
MAT0255,2024-04-06 16:45:00,178
MAT0255,2024-02-21 21:15:00,73
MAT0255,2024-05-20 12:51:00,66
MAT0255,2024-01-24 12:52:00,123
MAT0256,2024-04-22 09:32:00,48
MAT0256,2024-05-20 15:32:00,132
MAT0256,2024-03-14 09:29:00,93
MAT0256,2024-03-10 11:18:00,45
MAT0256,2024-05-28 15:11:00,78
MAT0256,2024-01-17 15:25:00,60
MAT0257,2024-01-20 19:55:00,24
MAT0257,2024-04-13 09:23:00,120
MAT0257,2024-02-12 15:49:00,136
MAT0257,2024-01-30 09:18:00,59
MAT0257,2024-05-14 18:44:00,92
MAT0257,2024-04-24 21:08:00,119
MAT0257,2024-03-15 07:50:00,81
MAT0257,2024-01-12 07:45:00,111
MAT0257,2024-03-26 09:33:00,177
MAT0258,2024-04-27 11:11:00,32
MAT0258,2024-02-26 22:26:00,146
MAT0258,2024-02-18 10:38:00,153
MAT0258,2024-05-07 22:39:00,178
MAT0258,2024-01-15 17:54:00,89
MAT0258,2024-04-27 18:14:00,155
MAT0258,2024-01-31 19:09:00,38
MAT0259,2024-03-09 19:14:00,38
MAT0259,2024-05-06 15:42:00,70
MAT0259,2024-02-29 22:53:00,20
MAT0259,2024-05-15 13:54:00,142
MAT0259,2024-04-11 09:23:00,178
MAT0259,2024-05-05 17:26:00,43
MAT0259,2024-02-10 12:29:00,23
MAT0259,2024-03-24 11:04:00,48
MAT0259,2024-02-10 07:20:00,44
MAT0260,2024-05-17 13:39:00,5
MAT0260,2024-05-02 11:30:00,21
MAT0260,2024-05-14 11:28:00,22
MAT0260,2024-04-12 15:34:00,87
MAT0261,2024-02-04 11:50:00,44
MAT0261,2024-03-30 21:35:00,171
MAT0261,2024-03-18 15:55:00,65
MAT0261,2024-01-05 15:32:00,177
MAT0261,2024-01-27 07:20:00,117
MAT0261,2024-03-28 20:31:00,89
MAT0261,2024-03-17 21:23:00,161
MAT0261,2024-02-01 12:07:00,24
MAT0262,2024-04-20 19:41:00,173
MAT0262,2024-02-17 12:13:00,68
MAT0262,2024-03-25 20:56:00,49
MAT0262,2024-05-26 09:11:00,22
MAT0262,2024-03-16 08:00:00,14
MAT0262,2024-02-29 12:45:00,163
MAT0263,2024-05-05 22:16:00,168
MAT0263,2024-05-13 17:38:00,140
MAT0263,2024-02-04 21:44:00,28
MAT0263,2024-01-30 10:47:00,127
MAT0263,2024-01-10 17:10:00,148
MAT0263,2024-02-10 22:35:00,92
MAT0263,2024-03-03 09:20:00,149
MAT0263,2024-05-21 16:32:00,146
MAT0263,2024-02-07 22:05:00,124
MAT0263,2024-03-12 07:48:00,77
MAT0264,2024-04-01 17:02:00,57
MAT0264,2024-02-01 20:49:00,154
MAT0264,2024-04-30 13:35:00,89
MAT0264,2024-01-04 14:18:00,53
MAT0265,2024-02-10 17:33:00,105
MAT0265,2024-03-12 14:22:00,19
MAT0265,2024-02-23 08:21:00,42
MAT0265,2024-02-15 09:08:00,156
MAT0265,2024-01-02 08:40:00,171
MAT0265,2024-04-30 12:17:00,84
MAT0265,2024-02-28 13:18:00,51
MAT0266,2024-04-19 20:09:00,29
MAT0266,2024-04-15 14:34:00,98
MAT0266,2024-03-24 15:15:00,8
MAT0266,2024-01-11 07:44:00,104
MAT0266,2024-03-22 18:15:00,18
MAT0266,2024-03-30 07:23:00,87
MAT0266,2024-05-17 10:12:00,25
MAT0266,2024-04-08 22:32:00,55
MAT0266,2024-05-21 17:46:00,124
MAT0266,2024-02-12 09:23:00,23
MAT0267,2024-03-10 20:51:00,105
MAT0267,2024-04-19 14:05:00,74
MAT0267,2024-04-13 19:50:00,167
MAT0267,2024-03-06 21:49:00,134
MAT0268,2024-02-09 15:47:00,173
MAT0268,2024-05-02 12:55:00,7
MAT0268,2024-04-09 11:31:00,176
MAT0269,2024-01-23 16:45:00,149
MAT0269,2024-05-24 16:22:00,65
MAT0269,2024-01-08 12:17:00,101
MAT0269,2024-03-01 17:26:00,47
MAT0269,2024-02-15 15:26:00,114
MAT0270,2024-02-06 11:21:00,166
MAT0270,2024-02-25 11:30:00,98
MAT0270,2024-02-23 19:45:00,10
MAT0271,2024-05-03 17:13:00,116
MAT0271,2024-04-21 15:59:00,144
MAT0271,2024-02-26 14:33:00,43
MAT0271,2024-05-14 12:35:00,111
MAT0271,2024-03-06 13:28:00,56
MAT0271,2024-02-24 15:20:00,174
MAT0271,2024-04-22 15:32:00,67
MAT0271,2024-04-28 17:15:00,81
MAT0271,2024-01-26 15:48:00,88
MAT0271,2024-03-23 20:04:00,39
MAT0272,2024-04-26 09:42:00,93
MAT0272,2024-03-15 19:37:00,31
MAT0272,2024-05-13 10:48:00,81
MAT0273,2024-01-20 21:50:00,53
MAT0273,2024-01-18 22:49:00,55
MAT0273,2024-05-14 19:16:00,87
MAT0273,2024-05-20 07:12:00,129
MAT0273,2024-03-11 17:44:00,41
MAT0273,2024-02-26 14:59:00,86
MAT0274,2024-02-05 17:34:00,38
MAT0274,2024-02-22 19:55:00,37
MAT0274,2024-02-17 10:52:00,28
MAT0275,2024-05-18 10:49:00,78
MAT0275,2024-01-15 08:13:00,45
MAT0275,2024-01-21 08:48:00,106
MAT0275,2024-05-16 10:28:00,146
MAT0275,2024-01-24 22:15:00,29
MAT0275,2024-03-02 21:23:00,27
MAT0275,2024-04-13 13:44:00,145
MAT0275,2024-03-08 12:33:00,8
MAT0275,2024-03-05 17:55:00,133
MAT0275,2024-03-10 09:27:00,176
MAT0276,2024-02-12 17:12:00,49
MAT0276,2024-05-25 10:00:00,74
MAT0276,2024-02-09 20:47:00,96
MAT0276,2024-02-16 20:27:00,6
MAT0276,2024-03-05 09:26:00,168
MAT0276,2024-04-14 10:33:00,93
MAT0276,2024-02-23 10:33:00,47
MAT0277,2024-04-09 17:34:00,104
MAT0277,2024-05-30 16:53:00,141
MAT0277,2024-02-29 22:34:00,14
MAT0277,2024-04-18 13:42:00,14
MAT0277,2024-03-10 22:50:00,72
MAT0277,2024-03-24 19:44:00,123
MAT0277,2024-04-12 13:07:00,126
MAT0277,2024-01-01 17:07:00,144
MAT0278,2024-01-30 22:16:00,54
MAT0278,2024-04-30 11:36:00,133
MAT0278,2024-03-25 09:57:00,117
MAT0278,2024-01-04 18:42:00,145
MAT0278,2024-02-07 22:47:00,13
MAT0278,2024-02-20 09:42:00,174
MAT0278,2024-03-13 20:06:00,84
MAT0279,2024-05-04 09:07:00,22
MAT0279,2024-01-08 07:10:00,156
MAT0279,2024-01-01 09:08:00,148
MAT0279,2024-05-06 09:03:00,99
MAT0279,2024-04-03 17:19:00,86
MAT0279,2024-04-30 10:14:00,70
MAT0279,2024-02-15 15:23:00,134
MAT0279,2024-02-26 14:10:00,163
MAT0279,2024-01-24 11:22:00,37
MAT0279,2024-04-01 22:43:00,171
MAT0280,2024-05-04 19:15:00,26
MAT0280,2024-01-23 16:25:00,58
MAT0280,2024-05-05 14:20:00,9
MAT0280,2024-04-24 20:50:00,175
MAT0280,2024-05-16 13:19:00,39
MAT0280,2024-01-22 08:00:00,106
MAT0280,2024-03-10 14:48:00,134
MAT0281,2024-03-15 08:57:00,180
MAT0281,2024-02-15 10:24:00,126
MAT0281,2024-04-10 17:14:00,100
MAT0281,2024-02-22 22:22:00,132
MAT0281,2024-01-30 09:12:00,15
MAT0281,2024-03-17 17:07:00,91
MAT0281,2024-01-18 19:05:00,116
MAT0282,2024-01-22 19:09:00,73
MAT0282,2024-05-05 15:10:00,89
MAT0282,2024-03-09 16:22:00,94
MAT0282,2024-02-02 16:55:00,56
MAT0282,2024-02-20 20:52:00,28
MAT0282,2024-05-30 18:51:00,51
MAT0282,2024-03-23 18:09:00,12
MAT0282,2024-02-23 17:39:00,51
MAT0282,2024-03-02 14:03:00,154
MAT0283,2024-02-08 21:48:00,174
MAT0283,2024-05-08 09:17:00,69
MAT0283,2024-03-31 20:48:00,47
MAT0283,2024-03-10 19:49:00,86
MAT0283,2024-01-13 15:36:00,82
MAT0284,2024-02-23 08:41:00,127
MAT0284,2024-05-08 17:19:00,82
MAT0284,2024-03-11 20:38:00,149
MAT0284,2024-02-06 18:24:00,6
MAT0284,2024-01-01 13:12:00,179
MAT0284,2024-04-10 18:53:00,171
MAT0284,2024-05-09 07:51:00,143
MAT0285,2024-03-16 13:58:00,172
MAT0285,2024-05-08 15:00:00,145
MAT0285,2024-05-10 18:57:00,30
MAT0285,2024-05-25 12:52:00,133
MAT0285,2024-05-22 22:21:00,110
MAT0286,2024-02-04 12:55:00,150
MAT0286,2024-01-07 18:15:00,44
MAT0286,2024-03-13 11:08:00,14
MAT0286,2024-03-01 12:53:00,155
MAT0286,2024-02-14 22:10:00,62
MAT0286,2024-05-02 15:17:00,105
MAT0287,2024-04-04 10:41:00,108
MAT0287,2024-03-17 22:59:00,61
MAT0287,2024-03-30 14:14:00,26
MAT0287,2024-01-06 13:31:00,133
MAT0287,2024-05-03 13:26:00,98
MAT0287,2024-01-13 16:26:00,153
MAT0287,2024-04-13 18:27:00,82
MAT0287,2024-03-30 08:57:00,168
MAT0287,2024-02-05 17:52:00,122
MAT0288,2024-02-01 09:02:00,166
MAT0288,2024-05-17 19:25:00,85
MAT0288,2024-05-04 13:20:00,146
MAT0288,2024-05-15 19:23:00,104
MAT0288,2024-03-26 19:43:00,118
MAT0288,2024-04-18 15:29:00,40
MAT0288,2024-05-21 19:25:00,89
MAT0288,2024-03-08 15:13:00,105
MAT0288,2024-01-08 18:31:00,30
MAT0289,2024-03-30 21:38:00,58
MAT0289,2024-05-14 17:47:00,136
MAT0289,2024-03-13 18:14:00,97
MAT0289,2024-03-29 18:08:00,142
MAT0289,2024-03-10 21:35:00,10
MAT0289,2024-03-28 13:07:00,90
MAT0289,2024-05-23 22:14:00,100
MAT0289,2024-02-26 16:28:00,129
MAT0290,2024-03-02 08:25:00,91
MAT0290,2024-04-09 10:38:00,168
MAT0290,2024-02-20 09:11:00,137
MAT0291,2024-01-06 20:39:00,85
MAT0291,2024-05-14 11:36:00,168
MAT0291,2024-04-19 14:04:00,35
MAT0291,2024-03-12 20:43:00,10
MAT0292,2024-02-10 16:30:00,145
MAT0292,2024-02-15 20:06:00,28
MAT0292,2024-01-09 16:46:00,107
MAT0292,2024-02-18 21:32:00,75
MAT0292,2024-02-29 09:10:00,96
MAT0292,2024-05-02 11:52:00,67
MAT0292,2024-04-30 18:12:00,9
MAT0293,2024-01-10 18:34:00,125
MAT0293,2024-04-11 10:48:00,65
MAT0293,2024-01-20 11:13:00,118
MAT0293,2024-01-21 18:02:00,125
MAT0293,2024-03-18 09:24:00,65
MAT0293,2024-04-07 07:12:00,156
MAT0293,2024-03-05 12:24:00,154
MAT0294,2024-03-28 17:12:00,150
MAT0294,2024-02-25 22:00:00,43
MAT0294,2024-04-20 21:59:00,84
MAT0294,2024-03-18 14:10:00,149
MAT0294,2024-04-03 17:42:00,135
MAT0294,2024-04-07 13:03:00,46
MAT0294,2024-02-28 12:50:00,152
MAT0295,2024-01-19 16:35:00,139
MAT0295,2024-05-06 22:19:00,157
MAT0295,2024-03-21 22:55:00,14
MAT0295,2024-03-17 21:33:00,153
MAT0296,2024-02-24 09:32:00,165
MAT0296,2024-03-30 21:50:00,80
MAT0296,2024-03-19 14:03:00,43
MAT0296,2024-04-29 13:58:00,159
MAT0296,2024-03-29 19:31:00,8
MAT0296,2024-01-23 15:01:00,159
MAT0296,2024-03-14 12:57:00,18
MAT0297,2024-04-21 20:24:00,130
MAT0297,2024-04-28 20:51:00,133
MAT0297,2024-02-23 12:39:00,55
MAT0297,2024-05-20 22:49:00,18
MAT0298,2024-05-19 10:42:00,122
MAT0298,2024-03-25 15:30:00,110
MAT0298,2024-02-01 18:42:00,154
MAT0298,2024-02-23 17:59:00,172
MAT0298,2024-05-11 08:53:00,36
MAT0299,2024-04-07 16:20:00,105
MAT0299,2024-03-01 08:31:00,50
MAT0299,2024-01-16 18:08:00,131
MAT0299,2024-04-12 07:42:00,18
MAT0300,2024-02-28 16:45:00,135
MAT0300,2024-01-12 08:40:00,163
MAT0300,2024-05-13 21:50:00,102
MAT0300,2024-04-18 09:29:00,126
MAT0300,2024-05-10 16:50:00,110
MAT0300,2024-04-21 16:25:00,111
MAT0300,2024-03-04 11:47:00,67
